term,average_tf
ukrainian,0.010057881770487108
ukraine,0.009522703857429458
price,0.008152760661897074
year,0.007925562361952613
increase,0.007347470238095239
cost,0.007167471390785315
new,0.006873790311911838
work,0.005776329493700036
pay,0.004948639026443202
war,0.004570636616090733
