term,tf-idf
ukrainian,0.02499289729426492
ukraine,0.0236630301392883
increase,0.023350655933546106
cost,0.018767579757535662
price,0.018439613215767557
work,0.017068535396019973
new,0.016271111365915643
year,0.015846360145332267
pay,0.015144175486095016
region,0.013871576558420553
