category,count,share
politics,227,0.43486590038314177
security,103,0.19731800766283525
economy,192,0.367816091954023
